{
  "name": "runner",
  "title": "jQuery-runner",
  "version": "2.3.2",
  "description": "A simple runner/stopwatch jQuery plugin for counting time up and down.",
  "homepage": "https://github.com/jylauril/jquery-runner",
  "docs": "https://github.com/jylauril/jquery-runner",
  "bugs": "https://github.com/jylauril/jquery-runner/issues",
  "keywords": [
    "jQuery",
    "plugin",
    "runner",
    "stopwatch",
    "countdown",
    "countup",
    "time",
    "timer",
    "counting"
  ],
  "maintainers": [
    {
      "name": "Jyrki Laurila",
      "url": "https://github.com/jylauril"
    }
  ],
  "author": {
    "name": "Jyrki Laurila",
    "url": "https://github.com/jylauril"
  },
  "licenses": [
    {
      "type": "MIT",
      "url": "https://github.com/jylauril/jquery-runner/blob/master/LICENSE"
    }
  ],
  "dependencies": {
    "jquery": ">=1.5"
  }
}
