{
    "name": "ezstorage",
    "version": "1.2.2",
    "title": "jQuery EZStorage",
    "description": "jQuery plugin for simple interaction with HTML5 Storage, local and session, and/or cookies.",
    "keywords": [ "storage", "html5", "localStorage", "sessionStorage", "cookie" ],
    "author": {
            "name": "Wayne Weibel"
        },
    "maintainers": [
            {
                "name": "Wayne Weibel"
            }
        ],
    "licenses": [
            {
                "type": "MIT",
                "url": "http://www.opensource.org/licenses/mit-license.php"
            }
        ],
    "dependencies": {
            "jquery": ">=1.4",
            "jquery.cookie": ">=1.3"
        },
    "homepage": "https://github.com/wayne-weibel/jquery-ezstorage",
    "bugs": "https://github.com/wayne-weibel/jquery-ezstorage/issues",
    "docs": "https://github.com/wayne-weibel/jquery-ezstorage",
    "demo": "https://github.com/wayne-weibel/jquery-ezstorage"
}